date,study_hours,focus_level,mood_score,sleep_hours,journaling,social_interaction
2023-06-24,4.745071229516849,6.391690510195363,5.723088032032452,4.582250777739503,0,0
2023-06-25,3.792603548243223,4.043254444769936,3.5514035274212685,7.0546071992983315,0,0
2023-06-26,4.971532807151039,6.816505511428944,5.58195348542795,8.929171547944224,0,0
2023-06-27,6.284544784612038,2.5948327915243192,4.2989590915814,4.864191194488628,0,0
2023-06-28,3.648769937914996,8.058311274651288,4.838953100390555,6.727647401132475,0,1
2023-06-29,3.648794564576229,6.9451949648260864,7.177156808841219,5.7056213866440695,1,1
2023-06-30,6.368819223261087,6.5120594686277515,9.339809008702812,7.011064647431643,0,0
2023-07-01,5.151152093729364,7.965381967891028,6.7893430596459625,6.522977332898902,0,0
2023-07-02,3.295788421097572,9.330948888925153,3.6082338759296313,5.730215709146829,0,1
2023-07-03,4.8138400653789475,8.028740130036262,6.889205336440281,7.085446741845288,1,0
2023-07-04,3.3048734607813066,2.3182515373367094,8.393262973291302,8.665217731744091,0,1
2023-07-05,3.301405369644615,3.440846066528597,4.780434191361236,6.270915449927242,1,0
2023-07-06,4.362943407349051,4.7503628446086426,5.7319656666541645,7.363709530577818,0,1
2023-07-07,1.1300796330133034,6.052182100421668,6.0293763894583945,4.948072450554603,0,1
2023-07-08,1.4126232512304506,7.035318040938246,4.4302033738355195,5.352276347818389,1,1
2023-07-09,3.156568706138541,4.548512373693069,7.2965608676877185,7.066887533456453,0,1
2023-07-10,2.480753319498364,6.373533528954157,5.758103702784437,8.280939234243158,0,1
2023-07-11,4.471370998892911,4.489234135293355,6.839064887814056,6.926736018542792,1,0
2023-07-12,2.6379638867181834,4.776964394016104,4.2250156443958,6.124330363372215,0,1
2023-07-13,1.8815444479970629,3.1866778063035555,5.125083399353179,6.499149686508025,1,0
2023-07-14,6.198473153382331,4.153533507778191,7.444762715655543,4.999510719236339,1,1
2023-07-15,3.6613355492701967,3.2966307887673327,5.254333695816466,7.22541839162644,1,1
2023-07-16,4.101292307031886,4.048253494045334,9.45392770246681,7.558799674788091,1,0
2023-07-17,1.8628777206798146,8.10728359321568,5.200727628770795,5.957491600600304,1,0
2023-07-18,3.183425913212226,4.101202222336114,6.449369451503772,5.935949422688598,0,0
2023-07-19,4.166383884564799,10.0,7.8651816637461796,6.819053875582458,0,0
2023-07-20,2.2735096338665457,6.9866358017617785,3.1632685341339366,5.975936316751286,0,1
2023-07-21,4.563547027518508,6.369672247389747,2.4783823760384482,6.420640862449013,1,0
2023-07-22,3.0990419651217924,4.283284439637573,2.9486873708598105,9.019666146999818,1,1
2023-07-23,3.562459375310085,7.4006197588179825,8.525168206854364,6.203569159104804,1,0
2023-07-24,3.097440081655905,4.848724347524453,4.8962837082151065,6.069991817574533,1,0
2023-07-25,6.778417276763406,6.244019629290723,10.0,5.722949833237809,0,1
2023-07-26,3.9797541628930992,10.0,4.871504802685223,7.393030365799924,0,1
2023-07-27,2.4134336065661497,5.8078802005507,6.369102606394074,6.282530992138277,1,0
2023-07-28,5.233817368154783,8.298546652571352,9.08421990513575,5.720752354014289,1,1
2023-07-29,2.1687345250434666,4.593647149748225,10.0,8.085564838727615,0,1
2023-07-30,4.313295392507133,5.930023019006077,10.0,8.203523605416365,1,1
2023-07-31,1.0604948141803368,9.54160127127102,8.416732461186285,5.779491721113554,1,1
2023-08-01,2.0077209266523544,4.746065884424465,8.048125051622925,4.260152058367261,1,1
2023-08-02,4.295291853803685,9.624897115993857,7.185053898402366,7.709016427804307,0,1
2023-08-03,5.107699869993116,7.415503870910951,7.5567221523332755,5.678444209087996,0,1
2023-08-04,4.257052421784956,4.875066448211465,4.897628567342933,7.448750718995322,1,1
2023-08-05,3.8265275764176394,7.264815478111042,4.363602233155386,4.135875418745798,0,0
2023-08-06,3.548344456616067,7.9451088992534595,5.993251085178096,7.571116805959171,1,1
2023-08-07,1.7822170144488592,7.243619924434393,5.659630754950143,5.046593684863063,1,0
2023-08-08,2.9202336874079373,2.859550560219087,5.093543901345449,7.376916942879829,0,1
2023-08-09,3.3090418435603186,4.545725648350263,7.392774894913431,6.517127681403721,1,1
2023-08-10,5.585683339328374,5.504962728896991,7.910610417141021,5.355272696724026,1,1
2023-08-11,4.515427434352692,5.851133141799908,6.176813772583695,6.011556424487863,0,1
2023-08-12,1.3554397669558993,7.241344195101356,8.955060162110524,7.3235821483480406,1,0
2023-08-13,4.486125954092192,6.355402001866508,3.71662177173299,6.627073343738281,1,0
2023-08-14,3.422376579375525,3.3293112825797975,5.612681081440564,7.201295576566981,1,1
2023-08-15,2.984616999541062,6.760395702011927,4.56635535879439,8.871728701418583,0,0
2023-08-16,4.917514433261302,7.221171490567646,2.26692676585388,4.622910065946739,1,1
2023-08-17,5.546499283743927,7.11958089586208,5.834638628314601,8.440655089962348,0,1
2023-08-18,5.396920178674298,8.161561451109243,5.756504983233433,6.625227125027855,1,0
2023-08-19,2.7411737151660422,7.667844309097808,9.026899486484261,5.421459142012246,1,0
2023-08-20,3.536181436223178,6.918360158456873,7.2616233691095555,4.903623649113213,1,1
2023-08-21,4.496895147105346,5.859668577082706,3.95162635134159,6.27305553106756,1,1
2023-08-22,5.463317690683539,2.678078132968017,9.708185132668376,7.605980134309351,0,0
2023-08-23,3.281238643232065,6.859236438265172,8.442067391050706,6.346941055546959,0,1
2023-08-24,3.7215115350042742,6.4153753743262225,7.164195406937232,8.313385916296816,1,0
2023-08-25,2.3404975389909577,6.543157674390747,5.547031802300336,4.758589171938129,1,1
2023-08-26,2.205690063878994,3.446502848359381,4.081121526553041,6.485493262584734,1,1
2023-08-27,5.218788733591297,3.8378869191834752,5.255586447857894,4.997127866704258,1,0
2023-08-28,6.0343600428562345,8.106305706665808,8.177497239408371,6.936358259149961,1,0
2023-08-29,3.891984817629499,5.92088969228669,9.769172611869218,7.56426486811676,1,0
2023-08-30,5.5052993468380365,7.363001394745249,9.086487056544378,5.995085847582736,1,1
2023-08-31,4.542454037571451,6.056636752260922,5.022301156427452,3.374943372047439,1,1
2023-09-01,3.0323203680923134,6.05951227899149,3.7607651334219776,6.738737776155793,0,1
2023-09-02,4.5420934082626205,7.876567611951995,6.281772493822408,7.024086262080211,0,1
2023-09-03,6.307054849698954,4.967910543565252,2.4631212688742967,6.985153705954037,0,0
2023-09-04,3.9462609413350727,6.192241553881967,6.646335428369563,7.982938630186585,1,1
2023-09-05,6.346965483721009,5.075449422589915,5.7047948274026625,5.214735584421142,1,1
2023-09-06,0.07038234386538367,5.131007545135369,5.067926996263515,7.316259326540539,1,1
2023-09-07,5.232853756562836,5.381655753062721,2.810593865466409,7.93100901497357,0,0
2023-09-08,4.130570602357257,6.444267543267426,7.027200213139433,4.36569489919218,1,1
2023-09-09,3.551488974301199,5.042502756673045,4.934598320676177,6.883582191102772,0,1
2023-09-10,4.137641164803253,8.511512251147042,3.660166328579424,5.894984202790794,1,0
2023-09-11,1.0186466280986606,4.210785395560992,1.0,6.402172792278025,0,1
2023-09-12,3.670492168243732,5.626256711677282,5.9449701898987275,6.917211780246004,0,1
2023-09-13,4.53566885726762,5.12053788345165,9.544503193339487,5.915325723063737,0,0
2023-09-14,6.216841067112274,8.893955768707466,9.32251842909574,5.689150305006066,1,1
2023-09-15,3.222594672589529,6.393109553023149,5.0858074868274565,6.54098290098563,0,1
2023-09-16,2.7872595956602186,8.06368907893727,4.795575879276439,5.195304873364637,1,1
2023-09-17,3.2473644346231954,3.028879253926056,6.937548512150047,5.197009845337778,1,0
2023-09-18,5.373103176553111,6.534100531738518,4.003229121623417,7.315247939547804,1,1
2023-09-19,4.493126664489527,7.779261591246874,6.6035837996389315,5.121447157809612,1,1
2023-09-20,3.2053596943494416,6.164567978550848,7.53216055676938,7.299575001091054,1,0
2023-09-21,4.769901149670034,8.130960750130702,8.453866447768615,7.055109551424741,0,0
2023-09-22,4.14561632402206,4.9654230997992554,5.799691847040094,4.429031925451284,1,1
2023-09-23,5.452967485799334,8.81869488037116,5.592652499646068,5.686922417197214,1,1
2023-09-24,2.9469203591839714,10.0,4.244034826486878,7.932931283656847,1,1
2023-09-25,3.508506780103348,5.274322879120682,4.34623929192028,5.322601362632382,1,1
2023-09-26,3.4118377703017635,5.1089949571984565,5.547042216196947,5.942714885228735,1,0
2023-09-27,1.8047275778018221,8.906768954235401,6.734731013632356,7.054473071902276,0,1
2023-09-28,4.444180415596864,9.159144291461425,7.827169252466499,7.4400686111391146,0,0
2023-09-29,4.391582908269834,4.954279945693464,4.39364209863931,6.198153336746605,1,0
2023-09-30,4.0076701849636915,5.159626365808285,8.985377137919043,5.78298776637003,0,1
2023-10-01,3.64811929993728,5.436430782278985,5.457752797914862,8.206843834038208,0,1
2023-10-02,1.8769438869243786,3.311098977931446,5.957265411303128,8.586679596557094,1,0
2023-10-03,3.3690320158519613,4.1626961070316035,4.505576641704353,7.674629660938154,0,0
2023-10-04,3.485928225209846,3.9917184664958643,1.1515194794541168,6.602381771078029,1,1
2023-10-05,2.796584096167572,4.464404869791743,7.7680907927220995,5.530081134030889,0,0
2023-10-06,3.7580714325009863,5.930630225226437,7.473687794184867,5.503466712132122,0,1
2023-10-07,4.606076285221808,6.468429465073042,5.437344885763573,7.127016926318909,0,1
2023-10-08,6.829278851815795,9.101000985628154,6.133981434449744,7.00207786506642,1,0
2023-10-09,4.261866719247759,4.003291918522418,7.031878435408199,8.181918311535716,0,0
2023-10-10,4.386325586084147,7.968644796953168,2.8749082862269146,7.280540111043367,0,1
2023-10-11,3.8883311263507494,5.572022311548982,4.941894645307411,4.696303637888219,1,0
2023-10-12,1.1218431770514377,5.901072580695134,7.588529359243655,7.762337141267502,1,1
2023-10-13,3.9602291868261745,7.3496389843332075,3.491421153661501,5.3023272472227045,0,1
2023-10-14,4.09034531491154,3.7545559568754028,6.587115864333258,6.039234473657178,1,1
2023-10-15,7.694863168727929,6.764819492368101,3.28683639075319,6.800240247502034,0,0
2023-10-16,3.7114585528283164,6.332904416426112,6.932859964867053,8.894800987740757,0,1
2023-10-17,4.452321013500419,6.984902528016298,5.9287170354050325,10.0,1,1
2023-10-18,3.947932345442135,6.5783372878156365,2.769736368188981,7.228067670963419,1,1
2023-10-19,2.246982943570702,10.0,8.329478708914342,6.280164057535535,1,1
2023-10-20,5.71423422177253,4.724520031497368,4.530816846403901,7.14140677817666,0,1
2023-10-21,5.127899549030161,4.938006089996365,4.379495125971238,7.565186511048603,1,1
2023-10-22,5.18654792056457,4.753718947150471,6.401138394461886,6.11519884933137,0,1
2023-10-23,2.635918817807892,4.8890457616794905,8.29727469885743,8.654253627094786,1,1
2023-10-24,6.104191466404149,4.725225745386965,3.968356362043206,6.776084911029683,0,1
2023-10-25,1.8972234058115784,8.378033062215103,6.123359699695944,7.097291706909673,1,1
2023-10-26,4.880285640700405,8.84100849597971,6.857633000661146,7.299109102465353,0,1
2023-10-27,7.285683438714968,4.858507412501048,7.386211214526288,7.005903932737347,1,0
2023-10-28,2.514195512303967,4.335288853791543,6.35288311055445,7.506728600563535,0,1
2023-10-29,3.150553405595842,6.942831112772808,5.265944321833356,5.7592961761436925,1,1
2023-10-30,4.1494770476314615,4.895553911438057,4.344819558702561,5.830037895264764,1,1
2023-10-31,3.244786518825701,7.265863635511021,6.172287766092749,5.179814920433966,0,0
2023-11-01,1.6740048534008007,6.405846041702599,3.855721976028786,7.027401476744272,1,1
2023-11-02,4.102844462209041,2.968511770005536,1.0,7.434723804214537,0,0
2023-11-03,2.4065444294108427,9.095010402660122,6.873119608315336,7.049327439382263,0,1
2023-11-04,4.710388645952772,9.591755346191043,7.807869682172391,8.509390920017044,1,1
2023-11-05,2.620863648649295,4.7744226190312276,1.2741351289163232,6.493284777405144,0,0
2023-11-06,6.324901607526309,5.224596880128032,3.980538590580125,7.302489986711015,1,1
2023-11-07,2.825120061495644,6.57173078144981,7.238308522010396,5.189958948632823,1,0
2023-11-08,3.5169077256914867,6.66891357997405,10.0,6.0354803570307185,0,0
2023-11-09,5.220275826054505,7.317088545345661,6.041587415350816,7.334645309078933,1,1
2023-11-10,2.153703525349067,10.0,4.543994117541731,7.518922532891773,0,1
2023-11-11,4.341189901906194,5.646105545011901,5.63420711779032,6.147239662802981,0,1
2023-11-12,5.960714131423642,4.4034055109230925,8.74975283829637,6.41408089777032,1,1
2023-11-13,1.5887751481581587,3.2413615439709456,4.708071641750929,4.678551503983028,1,0
2023-11-14,4.276950787798456,4.538139920116162,4.401615986699493,6.071564959032068,0,0
2023-11-15,4.389824191372635,5.933746054252405,5.034512955635935,7.568459796223744,0,1
2023-11-16,5.172734307665966,9.589115727035576,4.0933427834825755,7.19024601932788,1,0
2023-11-17,2.144573933682877,4.964777401927657,6.245340631989591,7.100798865657452,1,0
2023-11-18,2.0193150803735858,6.447575903277797,9.24935691693912,6.559728424617152,1,1
2023-11-19,4.782912348425347,5.967154207854496,6.6461585462320585,6.5084757903538115,1,0
2023-11-20,4.445477009849779,8.376786546896168,5.495292995747425,5.707614632631864,0,0
2023-11-21,4.375739275518815,10.0,5.416377462168912,7.338594104243041,1,1
2023-11-22,4.519672314245463,4.938262454159359,2.873618382606686,7.005167533267268,0,0
2023-11-23,2.979962917632264,5.021121114963556,7.766219554294318,7.090422617591359,0,1
2023-11-24,4.348380545741505,8.088321754138144,5.8443256059743955,5.868758188798903,1,0
2023-11-25,4.439608709948022,7.363782979252623,5.639040172818749,3.915988496154507,0,1
2023-11-26,2.928472872960448,9.693414651472068,10.0,7.816583254104435,1,0
2023-11-27,6.798661766717135,7.167856370651927,6.597505816731372,5.925395052789915,0,0
2023-11-28,4.710749381367681,5.281415818425881,4.496417899809631,5.464669083148255,1,1
2023-11-29,2.213044754196027,7.181309661384619,5.147284807588913,7.332174694296793,0,1
2023-11-30,4.984830412950744,8.217407161165816,8.29689141839351,6.029584832097044,0,1
2023-12-01,2.537977494659018,7.640964362394728,6.226540821075529,7.771923660855946,1,1
2023-12-02,5.1806269056136784,7.014548062214596,3.1234440433652666,7.240407139492037,1,0
2023-12-03,5.737893368511106,8.133349379178307,7.838457869150407,7.320283187840573,0,0
2023-12-04,2.7689765224724345,8.338591180891346,4.663711828922012,4.860853146559359,0,0
2023-12-05,5.445064193866482,8.764317982075054,9.74659555243509,7.9543327824636805,1,1
2023-12-06,4.619171390404747,7.297419775179286,8.160096131429297,6.813500637480627,0,0
2023-12-07,5.233090239991735,5.665763839366291,5.1053562086824975,6.056867432904556,1,0
2023-12-08,6.845189473980922,6.293427372866645,8.562032723470226,6.672066160810702,0,1
2023-12-09,3.631917825995694,8.413017933016715,6.1357110210548065,4.368517720522016,1,1
2023-12-10,2.8693957534637655,4.366128658025528,7.705547350244439,6.990383373776805,0,0
2023-12-11,2.665728355561715,6.737346617745803,6.96946563458895,5.264754190181514,1,1
2023-12-12,2.776284572551843,5.213322375345278,4.307286690018253,4.876795656987759,1,0
2023-12-13,3.8843474358788437,6.057489645869635,4.712900335365076,4.6731689765385305,0,0
2023-12-14,4.511727962224966,8.556903725214598,8.059921635162322,7.83522604998791,1,1
2023-12-15,4.415036198995028,6.382198136039807,5.330449335786918,5.744883927568654,0,0
2023-12-16,5.240774873554036,6.092873096312298,5.1927030735160065,8.340473251899798,1,1
2023-12-17,4.0195028378168605,3.2802877180401615,4.0897548413012945,5.857038244337243,1,1
2023-12-18,6.1803011157359755,7.492507132054442,6.847198131186922,4.451170450888464,1,0
2023-12-19,3.603014750143066,7.29096836228215,10.0,5.160170672061609,0,0
2023-12-20,8.080253749884427,10.0,3.8649341714914542,7.982973944008326,1,0
2023-12-21,4.938501021647509,5.384443530093998,6.0484389133455165,6.312922186475999,0,1
2023-12-22,2.7142636653755763,6.438300655327878,8.824441110830858,5.842055244211279,1,0
2023-12-23,2.3936612529083314,6.498767367421511,5.84071721750857,6.6920218710233454,0,1
2023-12-24,4.723708622864778,9.15490655952695,6.904743592499468,7.102139283401054,0,1
2023-12-25,3.664805822011224,5.809408935226096,3.8752129437062406,7.840878579082953,0,0
2023-12-26,5.071000741138138,6.558043051540679,6.856614194415297,8.238199075871512,1,1
2023-12-27,4.709856436860317,7.215793019433079,5.625711469990902,6.068277625053097,0,0
2023-12-28,3.890756631014691,6.3732182463127165,7.971459991359726,4.908742776701554,1,0
2023-12-29,2.7298094228973926,5.107132770898944,8.374772103129501,6.003841806652069,0,0
2023-12-30,1.7277291629712028,6.388179985796615,10.0,6.812336607899463,0,0
2023-12-31,3.3302275718994685,8.147263499719545,7.1592663464271515,5.343489288547267,0,0
2024-01-01,5.284598191485209,3.9469694011778795,6.6515926331643325,5.351418902125949,0,0
2024-01-02,4.321140616195306,6.265939348293752,6.388768603154672,6.912545457859863,1,0
2024-01-03,2.131391831932018,4.599758370121654,5.293667414378623,6.441617178115458,0,1
2024-01-04,4.259771388776773,8.390093257849685,6.6769676869233825,6.539356394493904,0,0
2024-01-05,4.577976069593255,2.9536261904324506,5.409197179721941,5.589805598359916,1,1
2024-01-06,2.6742138456983007,4.8821563054568236,6.336921952539228,6.223519142953079,0,1
2024-01-07,4.230587658918292,6.754423750129042,8.63519507121592,5.390920226878035,0,1
2024-01-08,4.087313077669,9.13104805846868,3.9869148694407177,7.568238093349744,0,0
2024-01-09,2.2855445532540655,5.868499477854025,8.27975712225809,7.742299201668503,0,1
2024-01-10,4.536681040522425,4.889600946613603,8.634230134679731,4.284574565314287,1,1
2024-01-11,4.841176789552351,9.76231413888118,5.763862946017842,5.384586967769108,1,0
2024-01-12,5.624576864762916,3.103972199167512,1.7562902019828108,4.704164893891905,0,0
2024-01-13,5.5807030780523545,1.6023880867598361,4.784356025811135,5.719971278711722,1,1
2024-01-14,1.9334959480643636,6.880028900106665,8.593989093122218,6.399874436251567,1,0
2024-01-15,2.593262440127316,4.995891551294777,5.954263875402236,4.760425736361764,0,0
2024-01-16,4.77255290081299,3.9575343657385735,4.001395535410179,5.393768224249625,1,0
2024-01-17,4.770678926368313,7.416712894598707,4.990450157543565,5.2952511535022015,0,0
2024-01-18,4.772571529459071,6.487601427542398,7.681240053009106,6.748720795278733,1,1
2024-01-19,9.779097235982082,4.871842738526543,7.093467136402759,6.5832132044435,1,0
2024-01-20,4.85633576603975,3.439391202658211,5.522135801660611,5.633914935995296,1,0
2024-01-21,5.703348460270899,7.744914656560289,5.266351176370625,6.712185046567278,0,0
2024-01-22,5.431002645239803,7.300402355917322,5.216483701912356,5.843983898495281,1,1
2024-01-23,4.977086876958697,5.801648272441234,4.155179631002995,6.174013867608736,0,1
2024-01-24,3.5270961330394814,9.693273992095332,9.230751378938884,8.508142508358244,0,0
2024-01-25,5.138453830739901,3.859830467347695,5.35535906157732,8.108553262148417,1,0
2024-01-26,2.8407621781936423,2.9489496581505223,8.434317041650992,4.940502515686883,0,1
2024-01-27,3.6447720898899867,4.616183860237511,9.042632103844902,7.495678901455009,1,0
2024-01-28,3.271954678256345,5.908827967289004,7.996621796295921,7.473675865389911,0,0
2024-01-29,4.122811209079484,6.486678898645383,5.136759374563903,5.122084053496858,0,1
2024-01-30,7.471987850010263,5.5175278842873405,6.807460180673219,7.482533172505833,1,0
2024-01-31,1.1991022111123781,6.704110793028594,5.951608787218167,8.345518302095064,1,0
2024-02-01,5.02939028556177,3.496921151619112,4.192596278539744,5.152946232506704,1,1
2024-02-02,1.5809261932155225,8.88752920814652,6.6487185634432056,5.398996614782884,1,1
2024-02-03,3.29210220131585,5.835697643214862,3.641920417680395,7.721193760212203,0,0
2024-02-04,5.633425895451049,8.234591663176255,8.375358776923127,6.825794372990778,0,1
2024-02-05,4.096420028643194,6.685450692755408,5.070765405403214,7.161771530287428,0,0
2024-02-06,2.3833828331060407,6.913506438307568,6.4023193117456785,6.908707059680596,1,0
2024-02-07,2.9270444361100476,7.139534560464408,6.566575743092284,6.968835105113773,0,0
2024-02-08,5.019396623402014,6.8954171200346295,5.482190052591846,4.908233446026701,1,1
2024-02-09,2.904450052424295,7.285445519735088,7.17338760295055,7.756781247945738,0,1
2024-02-10,4.324687884372962,8.658305060264862,5.050192686754951,7.903507990913328,1,0
2024-02-11,4.06835775985572,6.39304233940294,7.742594594914488,6.224731107118367,0,0
2024-02-12,3.0225994785912746,7.418007515177025,3.308040639506503,6.447827660223365,0,1
2024-02-13,7.215916133987989,5.820528611425546,6.2527591590928235,4.662670996933134,1,1
2024-02-14,4.950878533477017,8.880234430898945,9.87785799811657,7.117105707221402,0,1
2024-02-15,0.962286120013589,4.64721539588146,3.9993373507888506,7.186468930056973,1,0
2024-02-16,4.279681472154142,9.60188086582163,4.6445100589502974,6.425370779600827,0,1
2024-02-17,3.0073203028474182,5.919684098711313,7.02781569931783,7.849224031844603,0,1
2024-02-18,5.278650002194336,3.1384497957639037,6.359163563879196,6.0991073228240715,1,0
2024-02-19,2.811218892350949,6.2562088298215786,6.701260198547119,7.177527111072321,1,0
2024-02-20,3.8278953377996516,4.637896685050238,6.978374260295327,5.276402793569462,0,0
2024-02-21,4.757480918470685,7.681287097977448,7.269442937123539,6.471737418950914,0,1
2024-02-22,5.298632791255182,4.694752041395218,8.219399683912446,6.290774890516597,0,0
2024-02-23,2.1995553894163358,5.107633133570441,6.819637313857025,6.77036950644913,0,0
2024-02-24,3.4982481462385775,2.220918538108938,5.517484690762915,6.05656768539997,0,0
2024-02-25,3.2875820332585657,5.095387361501847,7.345147402405463,6.342232885193999,0,0
2024-02-26,3.020006151139432,1.1522413467420867,9.799763869790432,7.491256605729808,1,1
2024-02-27,6.6481813604216455,2.8321943530285534,5.7347325072348525,5.9758829153141395,1,0
2024-02-28,4.607472566441434,7.520829312288595,4.050941390658717,4.572107479113585,1,1
2024-02-29,2.1086740684974323,7.571600317301664,8.214161338573945,8.599500685046504,0,1
2024-03-01,5.376792920582164,6.85091512356993,5.759237672092803,8.157744894428584,0,1
2024-03-02,7.18323429551895,4.066047713741574,1.6546609079719277,4.949284765873258,0,0
2024-03-03,5.54869789082672,5.90457728771604,7.694843354300843,7.327649366294233,1,1
2024-03-04,1.7209450510689797,5.992794921818863,4.9293436280921545,5.896430275338388,1,0
2024-03-05,3.273648890700623,3.6832706216149145,5.818933435391679,6.816184658397272,0,0
2024-03-06,5.900366723779934,9.006796603534301,6.663960661138029,6.853068954816193,0,0
2024-03-07,2.938495801571829,7.7547245811513426,6.380999359558133,6.218710639620413,1,1
2024-03-08,4.665729142219343,5.558071652340672,7.418903634278079,5.559481201296324,1,0
2024-03-09,5.161951080144005,6.053771677989062,5.129027258860313,5.6713507372204885,1,0
2024-03-10,2.6096042926328753,6.416765615895105,7.026211596352166,5.400569701422509,0,0
2024-03-11,3.9107119659073,1.9165302631514187,5.4809066448321655,5.5018133501234665,0,1
2024-03-12,0.0,5.5056452349588065,7.477620961775006,6.419386051940774,0,1
2024-03-13,2.463418537998565,4.636031504004403,7.230734968026107,5.6410880130670975,1,1
2024-03-14,3.6211477729102595,3.996759980210169,4.129122595910809,7.318462478855144,1,0
2024-03-15,2.1283252270527258,5.43779941422809,8.171964232350064,8.284695386403113,0,1
2024-03-16,6.448616955897453,9.595373053699046,4.928073109771904,5.803936110355949,0,0
2024-03-17,1.8547879330590509,7.28168572253402,7.61611559656229,6.787285400642452,1,0
2024-03-18,3.3399332699545243,4.857642020434406,6.734574626802681,7.09962213236352,0,1
2024-03-19,4.196110865929137,7.145165562712317,9.676367353590244,7.06640272510313,1,0
2024-03-20,6.161909933599173,8.798710873172004,5.553068035256295,6.591146321499305,1,1
2024-03-21,1.8462067732308407,7.849267365825538,5.301366407763605,7.3912189020316665,0,0
2024-03-22,5.744745628232439,6.119260739840349,5.961160788224535,7.078698743216789,1,1
2024-03-23,4.015349591529381,4.706126444588852,5.3936404343314495,5.014805093207243,0,0
2024-03-24,2.527737023428074,7.39644662722718,7.5998838038841,7.542987277267128,1,0
2024-03-25,4.693155211394906,6.786970770843499,2.767378783126824,7.56474900472009,1,0
2024-03-26,4.298589543360205,7.790386440055465,3.892635161707292,5.584056674985702,0,0
2024-03-27,3.099674684261808,7.270343603363939,3.864394156841614,6.545525402537122,1,0
2024-03-28,4.1047031274850285,8.09910543063867,7.900615183947151,7.319994791373283,0,1
2024-03-29,3.42202960470736,4.929529576878864,9.42122674516385,6.2488234165047665,0,0
2024-03-30,4.170276017876872,8.634788131268651,5.791101562925057,7.787573657319214,1,1
2024-03-31,4.99319601178157,6.395199209384799,5.662356553619979,9.336646993543233,0,1
2024-04-01,6.379025224218028,10.0,6.140104326226362,5.5568167608380215,0,1
2024-04-02,2.1432767517597267,4.621624363820864,8.323756605216381,4.842746476215471,0,0
2024-04-03,7.1995500619844,9.4719276063305,4.145293731618851,6.864582314725851,0,0
2024-04-04,1.0718683007162473,6.395821566925296,6.47673796546957,7.365875006151372,0,0
2024-04-05,3.772322357446625,4.697163992771103,7.95039525956486,6.222960351386277,0,1
2024-04-06,4.882475809726865,5.032228331891357,7.002188339879691,8.243912795985242,1,0
2024-04-07,4.421487801602549,5.3593053836113596,6.379163233197486,4.893673040332102,0,0
2024-04-08,3.065950720269109,6.848331892803833,8.002092185134282,7.331502347637933,1,1
2024-04-09,3.6878166244640873,7.0456709760709995,1.0,5.772967015089328,1,1
2024-04-10,3.260498598011751,4.852599992122842,7.3557506390618155,8.563253487448756,0,1
2024-04-11,3.115952864583683,5.951290815478035,4.691848633745153,8.891018423801743,1,1
2024-04-12,5.2744031455315366,10.0,2.338734206287086,5.580012094659983,1,1
2024-04-13,4.535523228947571,9.455086340201422,7.022405199049961,5.8405314369097034,0,1
2024-04-14,2.960635607109019,6.872647339348064,8.747317090325915,7.531505464375762,0,0
2024-04-15,5.349399813149876,6.076006956336401,5.725102970744616,6.035443220252582,0,1
2024-04-16,4.460949281314914,6.240062653436523,7.905749094405878,6.445506538481314,1,0
2024-04-17,5.21929317825844,7.227035945460833,9.22455651597729,6.530466104650892,1,0
2024-04-18,4.944443262885418,3.954414869603189,8.629828907168095,4.196392212562813,0,0
2024-04-19,2.7565074836168915,5.48524692515331,9.279929058742786,6.483394704686916,0,1
2024-04-20,3.1597284397045455,2.662831852244821,7.484254982143785,5.672326671122992,1,0
2024-04-21,5.120940407684893,6.798446245210559,6.150867277803186,5.908252613120274,1,1
2024-04-22,4.915555398150198,7.294391879405482,2.796068376205663,8.232358404162577,1,1
2024-04-23,3.968647609053778,5.033627075401252,5.507875023740103,4.992191726864893,1,0
2024-04-24,4.175991074963173,9.147973526580065,4.313506809367617,7.475846224097573,0,1
2024-04-25,5.916497343682638,3.5484686739953175,10.0,6.16524448360183,1,0
2024-04-26,3.112642916746255,3.0712502395803596,5.648228375135327,6.164287797804999,1,0
2024-04-27,4.820646071755057,6.448903637119944,6.2464096135689715,7.448446275262054,1,1
2024-04-28,3.696711021349159,8.094196605224308,7.102970752080935,6.908061553482669,1,0
2024-04-29,3.6734781951591695,9.367855382915737,6.087204892744907,7.184735596663437,0,0
2024-04-30,5.648165277980786,5.0822314742621195,9.390102080861507,7.661821592639433,0,0
2024-05-01,5.238124523482044,8.157361666862592,4.754701276531096,6.102429940180013,1,1
2024-05-02,5.220264454000958,5.922983060998585,6.389214910474485,5.7653159185907,1,0
2024-05-03,5.958218210731493,5.654745400118361,4.5150588286039035,5.197819368130642,0,1
2024-05-04,4.031505762449139,7.767319874973345,3.3599549775585884,5.509507364025254,0,1
2024-05-05,5.022929456942446,7.304645756826839,4.776461818189429,10.0,1,0
2024-05-06,3.534599865109816,2.847215686031501,5.9259264059031755,7.993615496884144,1,0
2024-05-07,4.486249528732663,8.953080699451792,5.1413955509654805,4.878710760550375,0,1
2024-05-08,3.804785418448473,8.760182708294902,4.615158040252288,4.913050451907716,0,1
2024-05-09,4.1454939474890775,4.748874596980941,3.1873650726563323,7.07823927406219,0,0
2024-05-10,4.89273553815537,6.791607066874818,5.83378885474261,7.156717756853561,0,0
2024-05-11,2.7726689751497915,6.988060372565478,2.9905592519379955,7.158660602380837,0,1
2024-05-12,7.13858091352819,6.521347531647814,7.520111927379205,6.194053047735562,0,1
2024-05-13,2.490973927750447,4.8993896923091595,6.164879505869006,6.34945488799652,1,1
2024-05-14,2.1787170808184015,4.656753264123897,3.084897001070139,6.893455428991229,0,1
2024-05-15,5.737166310250101,5.9488918580171095,5.381581845900273,6.603071607551996,0,1
2024-05-16,5.187494040944404,8.345458038518728,4.495687188818834,3.836839552702958,0,0
2024-05-17,4.936179725578233,7.087200309188865,6.638349020838361,6.224240443309768,0,1
2024-05-18,4.94251826389642,5.258771335827788,8.680900892046289,5.478312278887624,1,1
2024-05-19,3.981629840729628,7.54339742129669,2.249655060708511,6.710253702690214,1,0
2024-05-20,2.654118442771253,1.0,6.230052158294835,10.0,0,0
2024-05-21,4.113706837290589,8.297531400744207,5.679734408866719,6.940977998569165,1,1
2024-05-22,2.9842574327318325,2.5205724424438007,7.342680152900932,6.1237643765931224,1,1
2024-05-23,5.462679600126627,5.275118117193736,6.426393256475379,7.606161802372703,1,0
2024-05-24,3.779413927746792,3.7606602107477123,4.496061336522362,7.0792254646510555,1,1
2024-05-25,2.7617542048112327,3.4106370485581885,5.361892128666764,7.004113388542209,1,1
2024-05-26,3.51792123752051,8.32165357475704,4.407948286393022,7.228220711858805,1,0
2024-05-27,4.6193971814134365,5.064597597376217,8.152014277197196,8.96785227779545,0,1
2024-05-28,3.154413170794038,6.693007763461432,6.0426232973438845,5.142933877608901,0,0
2024-05-29,2.7666694066503528,5.906158842241632,9.802381371506016,7.068358492173745,0,0
2024-05-30,4.365530817237868,6.954081654446243,5.878678372370758,5.3883426440221545,0,0
2024-05-31,4.367449856663084,6.15364378212051,4.583186466179074,7.166615175610698,0,0
2024-06-01,3.2395852369433054,3.4340155516228608,2.9725712147743457,5.397576186216687,1,1
2024-06-02,3.293442541572516,7.99253363889428,2.39372064748811,5.9991598236738986,0,0
2024-06-03,4.348074906036454,5.012486833677375,2.8317281139890205,6.145892102914512,0,1
2024-06-04,1.827873487754014,2.886836202680498,6.534253302022967,7.670980063213651,1,1
2024-06-05,1.8888043384351674,5.143769678068175,7.017450046459867,7.602145332730896,1,1
2024-06-06,2.922333668121346,9.00151958126862,2.837618595935733,5.005139148264338,0,1
2024-06-07,3.679829272432229,7.7004434842269855,7.790076628152231,6.565920933199818,1,1
2024-06-08,4.466361348397007,5.302695731184282,5.033877896633121,5.648504174300993,1,0
2024-06-09,6.213034325424328,5.301484591363143,6.293586023971098,4.989794107189598,1,0
2024-06-10,5.286489434803029,5.356729897565235,9.224441256510849,6.239579539490755,1,0
2024-06-11,3.7600922050548595,10.0,7.793678631731064,6.129820653853017,0,0
2024-06-12,3.9714756881459667,6.763870904463107,5.4629387041883355,9.412059783614627,1,1
2024-06-13,2.4962059530432867,6.8600832943821395,4.217615549169425,7.0195517904328355,0,0
2024-06-14,3.972230296011415,8.060566908063684,1.6963691973413901,4.846858999094915,0,1
2024-06-15,3.5670120416197926,6.477578318053027,4.56169336151516,5.822271194994869,1,1
2024-06-16,4.484077840507134,5.481915708358594,5.577739522344611,7.725659954515278,1,0
2024-06-17,2.7591535846715156,5.607300301830043,4.025640945697632,9.00613132744391,1,0
2024-06-18,4.779019771361758,5.856797481171872,5.737486065815391,4.59682002531445,0,0
2024-06-19,6.299108369503866,5.925555526980316,6.153703765917537,4.244090737833146,1,0
2024-06-20,3.8368597773147135,7.4552590872739595,5.550288036383843,8.745158210446139,1,1
2024-06-21,4.602567583148412,6.103891771614599,4.6999948383530805,6.967537012845085,1,1
2024-06-22,5.035215987566669,7.465280154431158,6.337309343933455,5.45804872174836,1,0
2024-06-23,3.3981692921712456,5.838566839782835,6.883881299138818,7.141554903346922,1,1
2024-06-24,4.336138722715625,6.157270380632181,3.819201845114308,3.3371027131797466,0,1
2024-06-25,4.0188886011726925,2.0035986309357847,8.82186475949254,6.504050607916593,1,1
2024-06-26,4.146514147823248,7.832655349404963,5.802823735431477,6.893385407411702,1,0
2024-06-27,2.8404853242168002,6.692976951795986,6.037699245889695,7.609124167445396,1,1
2024-06-28,4.036765261388414,7.996020219719305,7.4164288465131145,5.283324857248955,0,0
2024-06-29,4.746997436868175,1.0,6.466432262527003,6.602824593684031,1,0
2024-06-30,6.176715411692562,10.0,7.90627326782649,5.389490448728496,0,1
2024-07-01,5.43890623912781,5.720820743689653,6.574248330403648,6.806460506809181,0,1
2024-07-02,7.229773686267334,8.216365633475032,4.775125250719125,5.425584413164371,1,0
2024-07-03,2.848978655667926,3.9201881457489383,6.723007050412203,6.010278993007735,1,1
2024-07-04,5.308480955081017,7.225547810125139,3.7125475853586765,5.305021526251725,1,1
2024-07-05,4.2750130086075275,3.8931688736526877,6.217119411553046,7.281363490188388,0,0
2024-07-06,7.284704399826508,4.7524620786083895,5.933540018711079,7.530141339987998,0,0
2024-07-07,2.787552571967273,9.828062707733572,5.583766285454921,6.218455316051103,0,0
2024-07-08,2.740417236728836,5.6186351984733065,5.742924977122138,6.545885593952034,0,0
2024-07-09,3.1009110318339665,6.434865746359446,2.236301909004722,4.761690302439747,0,1
2024-07-10,0.8141564135352897,7.740135461377508,4.902550184518077,6.140388022391855,0,1
2024-07-11,3.2113674674788584,6.991363775945209,6.185689802282229,6.439754459549906,1,0
2024-07-12,2.861301007669453,6.3008378102871525,6.319712783994801,9.64495170923597,1,0
2024-07-13,4.225590679714312,6.729922004932451,3.9446497181480837,5.165639569071004,0,0
2024-07-14,4.512633963665739,10.0,8.531415681729401,8.257012686502925,1,1
2024-07-15,6.814256258823829,5.884762405932829,4.267650303570998,7.69623052815897,1,0
2024-07-16,5.425635757279076,6.402198093429935,7.938914401053474,6.8367636853881635,0,1
2024-07-17,3.1346445165063956,8.101308792015224,6.854388723743369,8.610344581034159,0,0
2024-07-18,2.6523779929774634,8.211051865915968,4.707545380312394,6.9465265671282355,1,0
2024-07-19,4.737878757259758,8.374060611120761,9.550621785219024,6.966991034801515,0,0
2024-07-20,2.019650189469037,7.277460444058369,3.61272633648704,6.436255216378946,0,1
2024-07-21,6.747188148781531,3.713990174539033,7.8383083472200035,7.968282658902353,1,1
2024-07-22,5.769160181081931,9.266863064602191,8.001164636085957,7.815763080573061,0,1
2024-07-23,3.2962365218429426,3.707309213962624,4.65875958184671,5.749187255004545,1,0
2024-07-24,1.430298206363684,6.605270930478066,8.784930600128657,4.916903366481479,1,1
2024-07-25,6.0308085612481195,4.491448299961284,5.499906970802094,6.256423235125212,1,1
2024-07-26,3.8281902321210732,5.871723306814015,6.577387258559714,5.539953722722824,1,0
2024-07-27,5.856724467960193,6.657524820606961,6.5206436775424415,6.423770510461574,1,0
2024-07-28,1.6083585118084494,6.642714430900546,5.731382517058904,7.984925761620967,0,1
2024-07-29,3.1009374655693405,6.84384150847057,7.621616546319564,5.951238013895852,0,1
2024-07-30,4.007865549577275,9.227422538117294,7.586977441104426,6.44861194242611,0,1
2024-07-31,4.070470890647113,6.90706860302796,2.5029360535236385,6.5696272817700745,0,1
2024-08-01,3.3249017927811346,5.511686729418702,8.608680485756306,7.518117058646341,1,0
2024-08-02,4.934274898521248,7.928174336576714,2.6750160239286513,3.8037327992184737,1,0
2024-08-03,2.3985693559261083,8.37894097784928,8.065092408683315,5.771959646281644,0,0
2024-08-04,3.78643077246806,3.544784369726015,8.253410273655167,6.7535404307353675,1,1
2024-08-05,4.180443447567848,7.194800139699716,3.8180671395696035,7.940094747712234,0,1
2024-08-06,4.771658251088123,7.402345484621796,5.17837142409083,5.909717062992554,0,0
2024-08-07,5.067422317133335,5.404872993280016,3.7885906630281285,4.248136752749751,0,0
2024-08-08,2.3130368622431963,8.75141362662324,5.570157939422529,7.243653735159364,1,1
2024-08-09,1.6988287438965664,5.699888825934947,5.383931431628517,5.737565133409245,1,1
2024-08-10,5.916515232847764,6.2511529069430845,7.55932106453868,5.072400009091567,1,0
2024-08-11,4.498471017969387,5.65385635143226,8.620617492239216,5.750785532344131,1,0
2024-08-12,2.8772701951651696,6.031158095162935,8.791367621579912,6.278569570812981,0,0
2024-08-13,6.326727963283784,3.8074498262095964,4.875663946843396,5.774306402554145,1,1
2024-08-14,4.173511951439288,3.1198982348114113,5.581556252510945,3.853320731481117,1,1
2024-08-15,5.768945776095739,9.189010126449944,2.6331236155580995,7.576479436264559,1,1
2024-08-16,4.101277722115164,4.306077303363344,4.388259867007623,8.029850049534467,0,1
2024-08-17,7.091121887322981,4.0172153010873854,7.929703266194915,7.2818263896074065,0,1
2024-08-18,6.633011263664807,1.6932197727925704,9.231165647096464,5.13477719549022,1,1
2024-08-19,3.62655377728139,4.722076504620995,3.531302256240156,6.258210159262979,1,0
2024-08-20,5.457356426431533,3.3538204131850033,4.815071481694211,6.49217442172465,1,0
2024-08-21,4.968063924377722,9.284030320272738,5.947188486082146,7.2185532674742925,1,1
2024-08-22,6.052947336298523,8.01963417868527,6.560322317639214,7.302008586461697,0,0
2024-08-23,2.5526148091298433,4.623699309644552,4.3807929601567075,5.6189914414658055,1,1
2024-08-24,5.029077189997659,10.0,6.8481220889281795,6.598394667696272,1,0
2024-08-25,5.587636730274381,7.963530973983189,5.052321305858168,7.0487364855382895,1,1
2024-08-26,1.3618907703653287,5.350337232982755,5.9710954582434415,8.24698678657612,0,0
2024-08-27,2.2251122310013374,1.0011885702528538,7.092568496007399,7.345407847789668,0,0
2024-08-28,0.9411517333598489,10.0,6.0128445396218755,7.446868024850623,1,1
2024-08-29,3.595889748333163,3.220855066472808,5.127228218946863,6.6005919535152335,1,1
2024-08-30,5.076313383693943,2.7092025060862164,5.780780392148339,8.192550974244204,1,0
2024-08-31,6.253535578144042,8.045140864019281,5.82327408158933,6.991715355151397,1,0
2024-09-01,4.1111421706296625,10.0,5.2599779402357445,5.466694507791716,1,1
2024-09-02,6.442923318356938,8.768545637021036,5.482407874665795,8.184043964150229,0,0
2024-09-03,1.929847812677663,7.12781824010472,9.197294341009433,7.337483927046833,0,1
2024-09-04,1.444926340967268,7.189508683330572,7.121838895882478,5.968347174645821,0,1
2024-09-05,3.9166784516550717,7.706831117560616,5.409039363941679,5.924608439120908,1,0
2024-09-06,4.576098173408961,7.5178571795735305,7.393908809021472,6.855890654168914,0,1
2024-09-07,3.9509578778588605,6.562382847938752,5.33236102048798,7.0558217543211015,0,0
2024-09-08,0.8988368499401851,6.208402207903752,8.346249275173282,6.736750718757448,0,0
2024-09-09,3.8663199407308175,5.874813744200956,6.739284384396187,6.873570408131462,1,1
2024-09-10,2.04329574924272,4.492070822266648,5.7853957119915425,8.539948849491656,1,0
2024-09-11,5.004508823245057,5.438649846266452,6.895433851620555,7.7858517826818625,0,1
2024-09-12,4.549897369145272,2.614086371609229,2.8582476958630014,6.728762709518029,1,1
2024-09-13,2.590180320508967,5.8033207464105,3.7464650621803894,7.62957269692098,0,1
2024-09-14,3.2291996239949596,4.022817785698165,3.612149987201889,5.260971315766953,0,0
2024-09-15,2.4111797171665725,3.792821365568458,6.285886189527414,6.977512459936171,0,1
2024-09-16,3.905981354090242,6.359788302306957,9.465029998970184,8.671167619679732,0,0
2024-09-17,5.432713480751858,8.784004572689199,10.0,6.238344925529152,1,1
2024-09-18,2.5214109304966845,7.836633212004626,7.276102202881514,5.482839285657098,1,1
2024-09-19,4.756069773276766,2.858998792753646,7.001688949888914,5.717493333688327,1,1
2024-09-20,3.204613572441339,4.020743726859325,2.397884531694522,5.1924403551891345,1,0
2024-09-21,2.810690751606484,7.881542375976432,4.914652400531956,5.558285710246756,0,0
2024-09-22,3.839454460068163,4.035025212923381,4.424432496183522,6.055390281691965,1,1
2024-09-23,2.447136516370939,5.550733700005951,4.758304803497768,4.81331957698563,0,1
2024-09-24,3.169526041979227,7.100104198049104,5.663712362830421,6.518742000739524,1,0
2024-09-25,2.203183161116727,4.063311090272729,5.055818844605746,7.582732608543976,1,0
2024-09-26,6.947087699374584,6.21075101229192,2.0414003792484245,5.410692583823696,1,0
2024-09-27,4.052895327957593,3.331949010163591,7.495820512235068,8.323140708370122,0,1
2024-09-28,2.9504117380111214,4.797264712097572,3.854513948520387,7.112950506233114,0,0
2024-09-29,4.320969866101333,6.639563868285074,6.478493728222299,7.736696702748869,0,1
2024-09-30,3.831507925463755,2.8140125329366614,10.0,5.710598535377436,0,0
2024-10-01,3.6685456007001656,6.880949475920798,4.161230816827153,7.525430272479939,1,1
2024-10-02,4.9212500500651375,5.960724402146638,1.0,5.189679319525625,0,1
2024-10-03,5.136261565070958,7.104979908834295,5.427991556239778,7.568297001003811,0,1
2024-10-04,3.204248278584209,6.447828268129323,8.201919269997141,6.706207207752238,1,0
2024-10-05,3.1362726390329803,8.728280859947688,9.916694908441187,7.16390146398174,1,0
2024-10-06,3.587422454272534,6.250449005295814,3.5409008110951663,5.089286473250178,0,0
2024-10-07,0.547118252896623,5.141188917749494,6.993398446473043,5.425916189268074,1,1
2024-10-08,1.7272134067021714,6.244595006064568,5.069379086439893,7.216673861904062,0,1
2024-10-09,6.050311401166788,7.086596058072776,5.788103291391729,5.361982394930959,1,0
2024-10-10,6.467451570251925,6.0977201406514085,10.0,7.055847550518948,0,1
2024-10-11,3.6264459406654326,6.081183382407764,2.9940593432096936,4.859434632247705,0,1
2024-10-12,4.864835444583649,4.59601662438649,6.5074793229891466,7.517809055200002,0,1
2024-10-13,4.466875231815304,4.674198164898104,6.935386343530866,5.020972022277789,0,0
2024-10-14,8.618321212682856,3.194789456400613,8.171572649878694,7.162759925215428,0,1
2024-10-15,5.679362367151866,9.499153486373878,6.1959663069417905,7.2507571203752015,1,0
2024-10-16,3.80812361277885,3.51227352921743,6.616101079008205,5.66387381788451,0,0
2024-10-17,2.5666893390993613,4.614189604408185,5.216702865156417,7.198431880501673,0,0
2024-10-18,1.5903305196136412,4.563185468861605,6.538253882490214,6.812530716000267,0,0
2024-10-19,4.305195453800835,7.789848753888883,5.313615449005179,5.853389772568714,0,0
2024-10-20,2.865473882073545,5.410100643415944,7.243143779712102,5.28973437910855,0,1
2024-10-21,1.8666194356034889,8.495484145347469,5.260779327912732,4.144849169992906,1,0
2024-10-22,3.03014067363621,4.653018751512263,6.754200787804373,6.919580056759632,1,0
2024-10-23,2.3776779945784074,6.557988324447604,5.941474372630044,4.622236674365534,0,0
2024-10-24,6.530712452608848,4.329305893480486,8.252100501544337,6.61441303932957,1,1
2024-10-25,5.322459635424176,10.0,5.897212552823028,6.183862140701301,0,1
2024-10-26,3.988041038025074,3.6248031619409744,2.453935063586237,7.314971330525834,1,1
2024-10-27,6.2199162083350386,6.619641420454055,8.523843001427984,6.137545400612163,1,1
2024-10-28,4.116052461471427,7.267553761864197,4.188535398274762,6.10466265638349,0,0
2024-10-29,2.7080736980076043,6.827598194902997,4.6924673227023606,7.378244845145955,1,0
2024-10-30,6.284686115904486,5.629424682244584,4.808677411913016,6.902069634900941,1,1
2024-10-31,4.8083650655269885,5.740358600533147,8.748876186341635,6.879387148619334,0,1
2024-11-01,2.4441307685103153,6.087622943958219,1.728651572042609,7.063121107770232,0,1
2024-11-02,3.7144919828745877,5.705995996743023,10.0,4.657313452151473,1,1
2024-11-03,2.686572619922864,7.927758233589819,8.112113618132103,7.408146415984378,1,0
2024-11-04,1.9258004035534961,10.0,6.4464778282583195,7.234962552816323,1,1
2024-11-05,5.3892663212974625,4.885016429984333,5.890211998767427,5.279980245708203,0,1
2024-11-06,6.864124960705196,3.2603940408418444,6.571108149715314,6.207103431590959,1,1
2024-11-07,1.9021486392712883,5.82343590329749,7.042244856758677,6.452831254846843,1,1
2024-11-08,4.844453855035856,10.0,7.290431171900114,6.338603858717921,1,1
2024-11-09,3.0240361463172594,4.392650864060538,7.111208932006897,6.900631959882242,0,1
2024-11-10,3.269311924352956,9.278233610888135,6.179161362510498,8.217640138197421,0,1
2024-11-11,3.111409113641696,9.355401628152881,5.605323159385348,7.798120073207395,0,0
2024-11-12,2.704013845480276,4.892823516584011,5.697453432692977,4.925336967882313,0,0
2024-11-13,4.072782441917241,7.137966158370551,5.610183439294638,7.246483988367259,1,0
2024-11-14,2.7535748253834433,9.256793246257075,8.26754019373413,8.094719983442491,0,0
2024-11-15,4.405685238669758,5.241744518025026,7.1871134445617235,6.964170224827043,1,0
2024-11-16,3.9246428358262944,5.592839279795276,1.0,7.8091765102231605,1,0
2024-11-17,3.6415779297003854,4.836638172102712,7.311801553059522,8.914724534840918,1,1
2024-11-18,2.6386545069376033,3.9704865386142663,6.389472389437549,7.728451455328377,1,1
2024-11-19,3.134843004147501,4.701444909867986,5.962582487108206,6.799170314770075,0,0
2024-11-20,5.133086838738635,3.552119466475487,5.222963093822228,7.754106168901704,0,1
2024-11-21,4.751375781436571,6.068166936518452,8.248225439972027,6.673865399716269,0,0
2024-11-22,2.533667132802173,4.460053537882716,7.895052924245716,6.528683651941947,0,1
2024-11-23,4.148998458143839,6.467571823581496,4.454244664352782,6.078302917143521,0,1
2024-11-24,5.127080685057684,2.8882087075927454,6.81410457424907,8.37609603059853,1,1
2024-11-25,1.4958920783179424,6.661760464428914,4.056686530917428,5.517885600869598,0,1
2024-11-26,4.815040288569903,7.6670579232178495,3.240763670422139,8.33884126961374,0,1
2024-11-27,3.00606436158123,2.012528714857089,4.74656555082007,7.099836948488446,0,1
2024-11-28,4.855898002889739,6.748113139695144,7.724786944765517,4.8208325902376705,0,0
2024-11-29,2.855111265186225,8.455337984946585,7.906250090752174,6.941179151589706,1,0
2024-11-30,1.2926768490032217,3.580717962617589,7.026170840194586,3.979968190818051,1,1
2024-12-01,1.558686343175256,9.345144773675408,7.450191573695994,7.250609620197243,1,0
2024-12-02,4.072127419992073,6.838038018732091,7.032356574229917,7.56227777958679,1,1
2024-12-03,4.389583752582222,4.589976288483182,4.717036809554095,5.7891728532175355,1,0
2024-12-04,2.6435250623433872,5.8884618446845876,6.8638450893478815,6.648257235146699,0,1
2024-12-05,4.957888688166061,7.116653825043445,7.600819050455365,8.844988920500343,1,0
2024-12-06,1.5077199065965603,6.152010782824823,7.508582659627148,5.893103954885676,1,1
2024-12-07,3.9008803020290252,7.077511984892738,8.377826742949285,5.2293108955320795,1,0
2024-12-08,2.1834757003563148,4.158652813841267,7.416607694402128,8.277996082955118,0,1
2024-12-09,3.022245838296761,6.3387216480721555,6.702896415083166,8.855104628636953,0,0
2024-12-10,4.071098006974621,3.1725710061900396,8.140300476632856,6.504434806217417,1,1
2024-12-11,2.7093799520740713,5.7775478773026,5.9469574815018795,7.713755642490027,0,1
2024-12-12,3.423166683655262,4.19218471707042,4.236250697544564,8.109771098637058,0,1
2024-12-13,5.509439213821661,4.528940114820466,5.673866072112472,5.60901892095394,1,0
2024-12-14,3.134662195715277,8.472186350420875,4.510194710387102,5.917632997558558,0,0
2024-12-15,5.2535381680977125,8.182620241188538,4.6496434500512365,7.977049415785682,0,0
2024-12-16,2.305439718013573,7.218276241814354,5.710962658568964,8.522017134450211,0,1
2024-12-17,4.794706266872924,3.815374470654842,4.415160158000077,7.175457032209225,1,0
2024-12-18,6.1623529309868506,5.367183100610396,5.384076940721919,5.4442227757975346,1,1
2024-12-19,0.29253324980906603,8.426195399958367,2.2127706660924287,8.88447333403933,1,0
2024-12-20,2.804657116794285,6.28343382727981,6.426587414745877,5.862834922625643,0,0
2024-12-21,4.86560819077081,10.0,6.002410950724449,6.097834662594257,1,0
2024-12-22,3.695431920935511,6.786635678788744,4.365822737863619,6.910805401387545,0,0
2024-12-23,4.556718810056963,6.3840982329800635,7.31849133686481,8.364992504857728,0,1
2024-12-24,3.094022219926269,5.3817670715949975,7.875140275253116,7.524771171862668,0,0
2024-12-25,4.12988468120935,6.267081809564565,2.7848802712620517,6.997838600434292,1,0
2024-12-26,3.7664841469118806,5.695060327238912,4.474550442867572,7.055946236141727,1,1
2024-12-27,5.751673092489711,7.416217353377181,4.4617153004254035,6.552217602372159,1,1
2024-12-28,4.381631264951819,7.913404633589169,4.120193797782271,7.169767417422207,1,0
2024-12-29,4.506403993112803,4.428021078984101,7.658949683863497,3.4645279067668366,0,0
2024-12-30,3.382184550816299,3.337534092884444,5.612347722454393,6.144071049116242,1,1
2024-12-31,3.26859066389126,2.327589253793407,5.470970317378779,6.7895863219001376,0,1
2025-01-01,3.3511627182705688,7.015982653825088,1.992275271186493,5.118783099656591,1,1
2025-01-02,4.591678213567445,3.793266787652253,7.2708360604184525,6.963587981373872,1,0
2025-01-03,3.3685232787696053,1.6942188140950343,3.521483210293055,6.254634534816654,1,0
2025-01-04,4.434662285344619,6.7771572090619285,6.119865260532657,8.606570837978587,0,0
2025-01-05,7.113101197968158,10.0,6.554753875916384,8.387623670257828,0,1
2025-01-06,5.306687055147538,5.987858176920214,8.721317191677302,5.941033317058205,0,1
2025-01-07,3.510964701748238,7.676981548903283,3.382359201761776,6.318994746119966,0,1
2025-01-08,5.8018208832459175,6.16365871709513,1.0,6.411262921269929,0,0
2025-01-09,3.387886940467673,5.8022206936177145,6.36769908950739,5.958008628608453,1,1
2025-01-10,0.9428131972332192,7.838152965975537,9.601022363021707,6.7340299808337525,0,0
2025-01-11,2.487870533623894,5.419450911622698,8.477892705878874,5.590061517334892,0,1
2025-01-12,1.1938121184612163,6.534784628143806,6.419318830549251,5.143261598074968,0,0
2025-01-13,3.472729773938037,6.643395612392027,5.0167276287359055,7.247253468680322,0,0
2025-01-14,4.027627568784328,4.6638190927139025,7.614245193274621,7.255435501066173,1,1
2025-01-15,6.514655968412924,7.984084699073046,4.0529076005910625,5.534821088408009,0,0
2025-01-16,4.490391060646244,5.650080486609182,6.952715538712439,7.5744265169151195,1,1
2025-01-17,3.6713492067867035,4.48850968101431,7.010940318333254,5.7421067250016025,1,0
2025-01-18,5.2441083717752335,7.073019687140807,8.12041981499776,6.803798285645577,1,1
2025-01-19,0.6832970364881721,4.203064036417926,10.0,7.484412815134947,0,1
2025-01-20,4.353421837162849,6.056362314738257,6.784831934357534,6.459664922355544,1,0
2025-01-21,5.15629779083045,5.981762006711593,4.9820727485850025,7.0456890945693615,0,1
2025-01-22,1.7821206313302378,8.171791131663156,5.9488513756160115,5.880284427334914,0,0
2025-01-23,5.715631064810394,6.949396465759905,2.4618481902217635,6.264240099886283,0,1
2025-01-24,4.5077446112416215,5.949946082509713,4.610573737821884,6.2529686829435915,0,1
2025-01-25,3.377068129148798,7.635532598400574,5.181435123773792,5.604105984151714,0,1
2025-01-26,4.949172799159427,8.780415098034627,4.951823204130815,6.287871004261062,1,1
2025-01-27,7.406039286706594,7.115620612703724,6.304709744067444,4.641658041363504,1,0
2025-01-28,4.272799382587743,6.0207052396867615,4.355160135235598,5.910615503429474,0,1
2025-01-29,4.372330879450504,3.376327535299681,8.242061334648943,6.158149407956395,1,1
2025-01-30,3.310958650689634,3.869772673849255,6.000414129836394,6.192584297005544,0,0
2025-01-31,2.7252334458028122,5.389550591290664,5.981399357722771,6.210203064955065,1,0
2025-02-01,5.245503724816368,4.780975595681434,5.344210566974164,6.425882960167845,1,0
2025-02-02,2.7158742611366993,5.626057394029108,6.310381367717958,7.075329821703277,1,0
2025-02-03,4.107349355829089,6.113299849794214,7.650196529335269,7.5494204889590275,1,0
2025-02-04,3.2835138298523248,7.059385508713461,4.2657395685782,5.72028172778208,1,0
2025-02-05,4.7184697386195875,5.859002443881818,4.683767021849487,5.056158973533027,0,1
2025-02-06,4.500493157930422,6.9730032876524035,5.3925479424466705,5.249546705308276,0,0
2025-02-07,5.556309916386849,6.12894882962024,3.30825815305357,5.915356494566088,1,1
2025-02-08,3.2349754017178793,2.0490668672922574,4.361484280557004,6.077694418620189,0,0
2025-02-09,3.595187597059943,4.121329212362491,5.047558252910682,5.576004720563051,1,1
2025-02-10,2.531854426326539,5.7118248885567695,7.748778361425455,4.944660002900127,0,1
2025-02-11,3.3335601098858327,3.580610514317785,6.52512265800385,5.952655007030974,1,1
2025-02-12,4.5659507395672785,7.199857459992409,6.387179822735089,6.717711944136766,1,0
2025-02-13,5.135482924968028,9.061501664687395,7.701795924335944,7.214035359002677,1,0
2025-02-14,2.616752013733562,8.437523703394634,5.725256423201206,5.831092336270014,0,0
2025-02-15,5.3044088801584905,5.573114258139584,6.780929699857779,6.004402613427879,0,0
2025-02-16,6.033456788207427,8.981452273699905,5.793556494135007,5.387962029383227,1,1
2025-02-17,4.620152354835551,6.297334914404223,6.530724698799257,6.4622729955502685,1,0
2025-02-18,6.815193718837099,5.325828057763921,4.834482684776836,5.481885638971022,0,1
2025-02-19,2.8393162013446407,4.7731946729181205,1.1223656834471418,7.18775337588944,0,1
2025-02-20,2.1330179450328743,5.395060627023743,5.731441675627392,4.356960209679066,0,0
2025-02-21,1.331919626643582,5.223646362917543,8.845496272199881,6.068444393057045,0,0
2025-02-22,6.2440664672337745,6.340832444750975,7.852430804483185,6.86132880703009,0,0
2025-02-23,4.9815484845310865,6.3211479620997295,7.930794969182341,6.720601419587005,1,1
2025-02-24,3.9166229936343173,6.006092040306829,8.472261443612435,9.731640396776596,0,0
2025-02-25,4.419952939479731,6.8738763394927,6.177315181922875,6.919760029481489,1,1
2025-02-26,2.3117664290524353,8.381292549572683,6.394631414811191,5.295134483789588,1,0
2025-02-27,7.6686279694252395,7.899108270882648,4.7646962091313,6.385442903493113,0,1
2025-02-28,4.193831772962842,3.030204063100193,5.3678542879459,4.368504399840258,0,0
2025-03-01,4.164092191907339,1.0,7.231542299542284,6.403280300843887,1,0
2025-03-02,5.0886499358480375,7.868639822478547,8.407768874337632,5.50033273159909,0,1
2025-03-03,4.7215138476050695,3.266242603169158,5.721107448638001,7.598468330672194,1,0
2025-03-04,4.335826036418697,5.550469196214633,5.099621470297177,5.840551670485358,0,0
2025-03-05,2.814288316832032,3.659773947881281,6.001055917713194,6.359880901045704,0,0
2025-03-06,4.707202535703994,2.3960391248399606,7.202413497858229,5.737330590314716,0,0
2025-03-07,6.82303674471255,7.082925456409576,3.1122903677329163,8.586621622223998,1,0
2025-03-08,6.018130069232466,7.518310320605294,1.4076380937255237,6.114508680658506,0,0
2025-03-09,6.389779939959095,4.846979198546562,4.898926301016833,8.699068452175041,1,0
2025-03-10,3.2331764853532223,1.0,3.5585751481716827,7.4769821145419195,0,1
2025-03-11,2.5155927696121285,4.907511103495034,4.983719604705378,7.0784800728024635,1,1
2025-03-12,3.811319619850528,6.783608010805093,5.704439362365057,6.942479776781024,0,0
2025-03-13,4.083587368433042,3.0421768624517425,5.093503181953973,6.972556757859502,1,0
2025-03-14,5.641287277706423,6.3667198395583116,8.90493506894149,4.186792904785268,1,0
2025-03-15,1.4613030554277708,5.969380301654009,6.65348952920464,6.165339927019092,1,1
2025-03-16,6.2943254791909204,7.158582999202177,6.600948719221657,7.514189565421185,1,1
2025-03-17,3.762988152131516,6.239160736828307,7.244414288086804,6.441323379831073,1,0
2025-03-18,3.35967839507887,4.053862118236889,3.7223337644384618,4.8137721838357095,1,1
2025-03-19,2.481843437109749,8.393143003328984,8.078223574840537,6.437114659307037,0,0
2025-03-20,1.5177149922013458,5.68294085394606,5.8484714269290805,8.54492661950659,1,0
2025-03-21,5.234755875942872,5.945390920980136,7.340961234482425,7.996270058641663,1,0
2025-03-22,4.109976950782606,4.133464081853608,3.856285533919689,6.425595188760762,1,0
2025-03-23,2.065058650388419,5.11343549761698,2.8924824679678713,7.641739132469704,0,1
2025-03-24,2.0573818419045757,4.230394571946198,7.6357793160500576,6.0601915755583375,0,1
2025-03-25,3.4963229510648075,5.654107880153154,6.752819052195033,4.455354095807937,0,0
2025-03-26,6.503532287934089,9.423416960284687,4.1958968912849794,5.390640814244534,1,1
2025-03-27,3.610612972954593,3.2561977141372873,4.260673837450611,8.375466522209837,0,1
2025-03-28,1.7452855703228405,2.7728772042465177,8.25086956882954,6.171208301804835,0,0
2025-03-29,3.6313854038710836,8.942340654987216,3.6211762142653443,6.207939224749978,1,1
2025-03-30,3.5909146453784944,5.581352645696268,9.285345906511926,6.140194164470143,1,0
2025-03-31,0.0,4.661854522680167,4.1987585307042625,8.784963907487608,0,0
2025-04-01,3.918557700223282,8.079809374792152,7.276783851216766,8.451150698434475,1,0
2025-04-02,3.653598204686983,4.788768920526271,5.3427630485020305,9.162536280137761,1,0
2025-04-03,5.044309547220127,9.652019427093872,7.206374862164687,6.309145747519938,1,1
2025-04-04,6.773434142418018,7.355851742678539,4.911771995771614,6.854749386496514,1,0
2025-04-05,5.689847544321636,5.024177183708595,5.674414187855412,4.680028940695051,0,1
2025-04-06,3.596666964167754,10.0,6.081838350791442,8.27232131134193,1,0
2025-04-07,2.3402111368874943,4.788570153993323,3.9956250884370546,5.098664538478478,0,0
2025-04-08,7.86003970487479,7.484190744018614,7.4816486908402515,6.760130676515155,0,1
2025-04-09,4.088827651021733,6.598585160812984,4.97357286705683,5.183236966840587,0,0
2025-04-10,4.0208939378694195,8.603482578797596,5.542800169319963,5.793359807913565,0,1
2025-04-11,3.963812369334995,9.123022393453706,4.011301250782975,5.495285082740359,1,1
2025-04-12,4.297127141151782,6.064008298131533,1.0,5.7705496871890185,1,0
2025-04-13,3.7834593821140863,4.493164259307633,5.617944474799662,5.853052756221226,1,0
2025-04-14,3.1395069896796457,6.919944285878233,10.0,5.842077446089908,0,0
2025-04-15,3.179711588139412,4.644569260495787,7.569208575796048,7.500000694136369,0,0
2025-04-16,3.9508700946760023,10.0,5.961479240531211,5.174164648324976,0,0
2025-04-17,3.1848628432993524,6.273070662165475,5.474218341583464,6.76464971241664,1,0
2025-04-18,2.9307313259842536,5.269356897375783,6.044931785624093,7.96155098276667,0,1
2025-04-19,4.159645341537845,6.3693606117298165,7.09423823035042,5.884164362583925,1,1
2025-04-20,3.6175341738687172,3.305747420940607,3.6383743693823103,5.638497331102878,1,0
2025-04-21,6.255989482874033,4.056771922978697,8.228643389337744,6.223370449783699,1,1
2025-04-22,0.023545287410482008,8.400827815888851,7.430762630882488,7.915670250032852,1,1
2025-04-23,5.637260277883692,4.686211442057209,7.436371451415869,6.732929157144029,0,0
2025-04-24,5.869127788746443,3.906178034636121,6.876951477619454,5.862542846470882,1,0
2025-04-25,0.8899146513877758,7.073305505054572,6.03923331538798,7.080651981425648,0,1
2025-04-26,3.485968608879477,8.371408309325993,7.34572247193364,5.177249420196292,1,0
2025-04-27,3.4428387010063126,7.437906621330134,7.1836282674827565,7.317631412531537,0,1
2025-04-28,1.8887324579232683,7.992095371611633,5.2919185781179525,6.990328769242121,0,0
2025-04-29,2.8332749686136873,4.486409822861079,4.852796454206198,6.130629834633339,1,1
2025-04-30,2.334136231801257,3.1563786665163125,6.203712590523973,5.493697041863323,1,1
2025-05-01,6.628405665135434,9.002667303910973,9.098040302990375,5.435982893259851,1,1
2025-05-02,5.403517589721192,5.354640322315729,3.5217858486921982,7.1417808036150925,0,1
2025-05-03,5.907332642491238,5.498333967089906,3.06494946849512,7.974776602986874,1,0
2025-05-04,5.082508096064853,8.656388283698115,6.329521682473033,5.735230703565446,1,0
2025-05-05,2.306422343174156,7.11246001880132,6.101775403712036,7.050064044261781,0,1
2025-05-06,3.2132196005803397,6.911775544163215,6.346683328740816,3.9955675776775177,1,1
2025-05-07,4.734061841841877,10.0,6.487906395817,5.79845872321136,0,0
2025-05-08,2.166808286662082,4.7129635392397144,5.55359549073039,6.4627292805549175,1,0
2025-05-09,5.069497645258582,7.855680256162474,8.979726877204165,5.408379899621799,0,1
2025-05-10,3.6395119027627976,6.114026249794169,2.798192043046969,5.376192350252484,0,1
2025-05-11,3.4377687886756036,6.537184557726514,4.343005950439508,5.698664532237337,1,1
2025-05-12,5.066439952305237,9.056936852825064,5.793490479701905,6.850631273991648,0,1
2025-05-13,4.66639496722906,7.015671512579248,2.7136223776916655,6.27520517791235,1,1
2025-05-14,3.45855075127138,7.076592158099266,5.648291191135858,3.8141225200100335,1,0
2025-05-15,5.738994705046372,8.145014674619604,9.322940331456037,3.9551598168379205,0,1
2025-05-16,2.3784050086001542,5.270094540914229,6.041772976591924,5.771761786571389,1,0
2025-05-17,4.923903410416395,4.321580665321987,6.461401811437367,7.049223903264262,0,0
2025-05-18,4.889651886952576,3.910381611957933,3.4796704696548395,3.2029941887297184,0,0
2025-05-19,3.5356803410290145,2.0672868212479965,4.7672771839210455,5.900323788618043,0,1
2025-05-20,4.489199533363177,10.0,5.249607239352126,5.868502572179095,0,0
2025-05-21,2.1233296354220457,3.7935832685566337,5.364569806487532,8.166005333850137,0,0
2025-05-22,5.3860405288103514,5.557492752828456,8.563287590007537,6.037973825944563,0,0
2025-05-23,3.7226467953355167,5.446373400222159,7.115382121450249,6.959586781689114,0,0
2025-05-24,3.2159154692214407,6.614813395618201,3.777084086125936,6.6695085681049555,0,1
2025-05-25,5.573513838755334,7.6314744250785935,6.49300955686401,3.943320224231359,1,1
2025-05-26,2.943484464185861,7.720946976719491,6.99644349699357,7.421848659958084,1,0
2025-05-27,1.8873080554546604,4.833845122862123,8.280298077042533,6.758475806547546,0,0
2025-05-28,1.6650562397141444,5.665756572427177,9.161081373136748,7.109922367609507,1,1
2025-05-29,4.909014927018459,6.5651599009765995,3.9698116163442627,10.0,1,1
2025-05-30,2.079355971255575,5.502617747632906,4.378284977579323,3.999064472601694,1,1
2025-05-31,6.632191272976547,9.214691152039986,3.4848442821707675,8.569635979713329,1,0
2025-06-01,0.8771058881744169,6.981949903276503,5.531960281786037,6.155062976719574,1,1
2025-06-02,6.544684552435058,7.4697555720996345,6.932716748892669,6.8447946852836115,1,0
2025-06-03,4.316526200803928,7.325762537334826,7.974669033178204,6.445385305638509,0,0
2025-06-04,3.8549303321944115,8.34694771497065,5.848097952714954,5.990916399922348,1,1
2025-06-05,3.1826213697865753,6.3620431174074135,5.360304953490312,5.816200486113489,1,0
2025-06-06,4.598704171528106,3.406336104088307,6.303515984497481,6.895410482687611,1,1
2025-06-07,3.9435479463627274,6.799375903505283,4.329714196739954,4.679391563993985,1,0
2025-06-08,5.654952823024782,4.697286212416342,10.0,7.4006950010261185,0,1
2025-06-09,4.17134147299306,4.942766636500487,2.7846779457638826,6.000566714137696,0,0
2025-06-10,4.225452642192816,7.172728037510186,6.369481157791449,5.143916793151571,0,0
2025-06-11,3.4545816816792163,8.476566142867272,10.0,5.959984570405023,0,1
2025-06-12,3.9145815644183988,6.042543153472123,6.013599689119996,8.008579060235087,1,1
2025-06-13,4.461702653338088,6.617666025197927,5.619921929997011,5.857597895580533,0,1
2025-06-14,1.4347474110150618,9.404429889270476,5.285109154379145,6.930144341851545,0,1
2025-06-15,1.9777218668414305,6.4815063589771365,5.639216636475185,5.622852469141432,0,0
2025-06-16,5.114896141034072,10.0,8.74569694935306,7.4095062199083435,0,1
2025-06-17,4.256298157191913,7.1310192912630885,1.5762761773409864,7.322609286548245,1,1
2025-06-18,3.724024995470981,2.4784744816883646,9.066867402592651,8.718330599955694,0,0
2025-06-19,4.02765089959809,7.506683242209065,3.15208569509971,6.289323265400942,1,1
2025-06-20,4.521372558042507,6.7623167697655555,5.46669534153117,7.302385765709488,0,1
2025-06-21,3.1903604795359577,8.579505508165491,5.141511159402676,6.617681047446734,1,0
2025-06-22,2.832542911896531,7.346362702539917,7.177106539541439,8.055046138235618,1,1
